{"Opsilon_Y": {"designersuruj": 0.8556701030927835, "evanbrand": 0.595, "FundingExperts": 0.5510204081632653, "theidm": 0.542713567839196, "EludeRooms": 0.5297297297297298, "MeniThings": 0.4461538461538462, "FiveWestMedia": 0.43434343434343436, "triplebytes": 0.4292929292929293, "mediaprodshow": 0.42783505154639173, "IBCShow": 0.42424242424242425, "RossPR": 0.42021276595744683, "PaymanTaei": 0.4, "realvanofresh": 0.3878787878787879, "Vinceritus": 0.3641025641025641, "tefftii": 0.3617021276595745, "emediaworld": 0.35678391959798994, "EricTassenet": 0.3434343434343434, "Mdkawsarchy": 0.3333333333333333, "asaf4747": 0.32786885245901637, "WhatsTrending": 0.3254437869822485, "Apricotmantle": 0.31794871794871793, "Red_Web_Design": 0.31, "adage": 0.305, "ModeCaf": 0.30303030303030304, "GameFellasCast": 0.2964824120603015, "martin68": 0.27906976744186046, "WeAreBast": 0.2785714285714286, "iwo_2020": 0.2727272727272727, "CrowdCrux": 0.265, "zishana25039504": 0.25888324873096447, "heyenjoyhq": 0.25510204081632654, "Smashingst": 0.2032967032967033, "YasutoshiHashi1": 0.165, "getthepong": 0.08673469387755102, "amauryperrier": 0.035175879396984924}, "makoma_pulcia": {"pidow3": 0.3051948051948052, "LordSizwe": 0.29545454545454547, "ZolaAmanda": 0.266304347826087, "Karabo_Mokgoko": 0.25595238095238093, "Busisiw74897465": 0.2436548223350254, "NkanyeziKubheka": 0.21428571428571427}, "nook2ladiez": {"El_fakhakhri": 0.18902439024390244, "MahmoudAbulfadl": 0.08571428571428572, "MMohsen_98": 0.06870229007633588, "il_cacciatore7": 0.05945945945945946, "Tarekjr97": 0.042682926829268296, "Mo7med_Torky": 0.036231884057971016, "Amieeeer": 0.030864197530864196, "A7mad_H3sham": 0.030303030303030304, "siko_adel": 0.023391812865497075, "AApdelfatah": 0.02097902097902098, "abokelela": 0.017241379310344827, "SamerUsama": 0.011049723756906077, "MahmoudMoharem": 0.006024096385542169}, "tiberiu99783268": {}, "Alex62249401": {"Rebeca45856352": 0.5256410256410257, "ttuttygon": 0.3103448275862069, "_tity_8": 0.25}, "ercanyildirimtr": {"lextalioner": 0.17857142857142858, "shsnmnhsir": 0.17346938775510204, "OznurAyyldz": 0.13020833333333334, "OKAN_DOGN": 0.10714285714285714, "yaseminkisisi": 0.09693877551020408, "Cinarrbtl": 0.0967741935483871}, "MarkWel72212278": {}, "Thierno79594590": {}, "Angelin57066746": {"anxiousbrowngrl": 0.3763440860215054, "Mercedes_8a": 0.31693989071038253, "jasminela66": 0.31088082901554404, "_Ulaniba": 0.3021978021978022, "iPromo4KM1": 0.3, "abigailrosie_2": 0.29508196721311475, "georgedidnt": 0.28421052631578947, "Lizetsalazr": 0.22527472527472528}, "mahamunidurai": {"jananivijayan1": 0.47150259067357514, "prvnpa4": 0.294478527607362, "drpnramesh": 0.29411764705882354, "babug85": 0.2765957446808511, "zafar_asim": 0.2556818181818182, "gene717ram": 0.16176470588235295, "daravinthan": 0.1326530612244898, "Zubairkhan2017": 0.1111111111111111, "manikaarthik": 0.07407407407407407, "MuthuVelPrasath": 0.04819277108433735, "Twitthomasissac": 0.022727272727272728, "IssacMadhana": 0.012738853503184714}, "Rooney05091": {}, "Rahim42420139": {}, "Sarvino46081636": {}, "MiikaTolonen5": {}, "BEATA18510687": {}, "LukasPidgeon": {}, "vicman7721": {"KELO_Ransom": 0.28402366863905326}, "Ajaycha44323532": {"Talk2saty": 0.3544973544973545, "akshayn31": 0.28421052631578947, "sonali_thatsall": 0.2727272727272727}, "AnnaSamkov1": {"knedlik_xdd": 0.31958762886597936, "Bicinaaa": 0.28350515463917525, "Lussinamore": 0.2717948717948718}, "iamdarkwing": {"compito": 0.42408376963350786, "CGundersson": 0.31443298969072164, "CodeXperts": 0.31382978723404253}, "Nickie52611168": {"LToddWood": 0.7085427135678392, "EShitakwa": 0.3229166666666667, "dan_mose1": 0.21428571428571427, "EcEssie": 0.14615384615384616}, "abdoabeed17": {"VfLWolfsburgPue": 0.547486033519553, "Deporteyocio": 0.48, "enriqueorue": 0.43005181347150256, "MilesSTEREOS": 0.3118279569892473, "vexcash": 0.21025641025641026, "_yavuzatalay": 0.18274111675126903, "HuzunluVePanda": 0.125, "Dayi": 0.12060301507537688, "MehmetBerkErgin": 0.11518324607329843, "nrdnnereyefilmi": 0.11055276381909548, "abdibaktur": 0.10638297872340426, "eltrike24": 0.0718232044198895, "uzunkokcan": 0.05, "KahramanMemis": 0.047619047619047616, "ahmedas06196340": 0.00510204081632653, "mohamed23666349": 0.0, "7madms": 0.0, "Ahoud40009": 0.0}, "ANXDRXN1": {}, "BRITTNEY0623": {"AllenToDiggsTD": 0.41624365482233505, "thechrisTmyers": 0.2620689655172414}, "AbuHuzain": {}, "bait4love": {"MARKETPLACEGRP1": 0.465, "MoniqueYeresha": 0.4506172839506173, "_MrTobi_": 0.4322916666666667, "Gunnersc0m": 0.43147208121827413, "Ore_Bedazzle": 0.4271356783919598, "PrellaAlcanthra": 0.4157303370786517, "rupysnow": 0.4088397790055249, "AlistMedia2019": 0.40512820512820513, "seun2music2005": 0.4010152284263959, "mercwithajoke": 0.39849624060150374, "Dagbeyon_": 0.3882978723404255, "michruth_F": 0.3867403314917127, "ellababs": 0.37967914438502676, "areahintsng": 0.3693181818181818, "TK_deencrown": 0.3631578947368421, "Cynthery": 0.35714285714285715, "omote_jowho": 0.34759358288770054, "shizzee01": 0.3370165745856354, "whoisindgarden": 0.33519553072625696, "kgoldberg95": 0.33516483516483514, "TenderBeekay": 0.3351063829787234, "RealtorBot": 0.33163265306122447, "BakesSprinkles": 0.3314917127071823, "titilayome": 0.32978723404255317, "Im_chals": 0.3253012048192771, "Misterkobz": 0.3229166666666667, "jorems001": 0.32085561497326204, "landon_whitley": 0.31958762886597936, "Afolabibayor": 0.30612244897959184, "urbanarsenaI": 0.3055555555555556, "Tobiholloway007": 0.30319148936170215, "Hibration_gcfr": 0.3010752688172043, "OyinDarh99": 0.2978723404255319, "walefarms": 0.2925531914893617, "CitizenPeper": 0.2920353982300885, "Truthfully83": 0.2903225806451613, "lekki247": 0.28313253012048195, "FatoluEmmanuel1": 0.2573099415204678, "i_am_Tbells": 0.25443786982248523, "_modap_": 0.23333333333333334, "PanelTown": 0.035175879396984924}, "ZtofKr": {}, "Niveen50330395": {}, "Gerardo46481687": {"hoopsquadatoak": 0.4262295081967213, "MattyK08_": 0.39664804469273746, "tunneyemily": 0.3641025641025641, "zianrpena": 0.35911602209944754, "vivek_kolli": 0.35233160621761656, "DianaArceo_": 0.350253807106599, "__joshua_1108": 0.3489583333333333, "ivgxoxx": 0.3385416666666667, "mrmeileisboss": 0.3241758241758242, "desiireeroller": 0.3194444444444444, "daniel_zhang6": 0.3191489361702128, "lolakorzo": 0.31794871794871793, "unactiveliz": 0.30569948186528495, "livdizzle": 0.29381443298969073, "bitchimsonasty": 0.29347826086956524, "hann4254": 0.2878787878787879, "__sebb": 0.2826086956521739, "jahairaax": 0.2671232876712329, "tylermonzoo": 0.14857142857142858}, "JojoWest8": {"nysiiusXXX": 0.6763005780346821, "Ortaaci": 0.34375, "NYtwinks": 0.33, "XoxoDdee": 0.3089887640449438}, "lemonposting": {"Sreysofficial": 0.365, "dewynut": 0.24}, "Petr62448205": {"esports_noname": 0.075}, "CeramicsCms": {"aleadagio": 0.42857142857142855}, "UnicornModest": {"DerekArmsonOM": 0.3181818181818182, "WorkAtHomeMikeM": 0.315, "jenny_hegel": 0.03}, "PechtRabassa": {}, "LordBennu": {"YeyoDeth": 0.38922155688622756}, "JoshTD_": {"AWOKE_KING04": 0.11602209944751381}, "KedriW": {"puteryanggara": 0.5, "SmthnglikeKites": 0.4387755102040816, "Cingokuhle4": 0.389937106918239, "Me15Follow": 0.3689839572192513, "Jamez_fortunez": 0.35135135135135137, "Uncle_Megx": 0.34806629834254144, "DivakarKumarJ14": 0.32679738562091504, "ImVenezolanos": 0.2994652406417112, "MaqVinho": 0.28776978417266186, "Douglas_071": 0.2804232804232804, "elmi1000": 0.25, "sandraamber23": 0.24561403508771928, "YourDailyInt": 0.22018348623853212, "SohailAli000": 0.20765027322404372}, "G61Tony": {}, "GogicK03": {}, "clinton_soares": {}, "Julius182020": {}, "qnguyvn": {"MicahQShoes": 0.35502958579881655, "dylcagley": 0.3005464480874317}, "Allan_Cortez_V": {}, "Prabhas27919923": {"NKumar3666": 0.4148936170212766, "VikasPapana": 0.40476190476190477, "SivasaiTammina1": 0.3897058823529412, "GadigatlaB": 0.35789473684210527, "GyanaHarsha": 0.30952380952380953},